patient_id,age,sex,height_cm,weight_kg,group,visit_date
P001,23,F,175.7,79.9,treatment,2026-01-05
P002,67,M,173.9,63.1,control,2026-01-10
P003,59,M,163.0,67.6,treatment,2026-01-15
P004,46,F,171.1,67.3,control,2026-01-20
P005,45,F,170.1,55.1,treatment,2026-01-25
P006,72,M,171.0,,control,2026-01-30
P007,23,F,176.8,66.0,control,2026-02-04
P008,62,M,171.0,73.2,control,2026-02-09
P009,30,M,175.1,80.2,control,2026-02-14
P010,24,M,169.6,79.7,control,2026-02-19
P011,51,M,171.6,83.0,treatment,2026-02-24
P012,80,F,174.7,71.5,control,2026-03-01
P013,65,F,155.9,66.7,treatment,2026-03-06
P014,66,F,166.1,71.8,control,2026-03-11
P015,63,F,164.8,47.7,control,2026-03-16
P016,68,F,163.3,51.3,treatment,2026-03-21
P017,50,M,166.5,53.2,treatment,2026-03-26
P018,26,F,182.5,,control,2026-03-31
P019,71,M,161.2,79.0,control,2026-04-05
P020,46,M,177.7,59.4,treatment,2026-04-10
P021,50,M,153.9,67.3,treatment,2026-04-15
P022,41,M,166.0,92.5,treatment,2026-04-20
P023,29,F,170.5,67.7,control,2026-04-25
P024,77,M,174.3,84.1,control,2026-04-30
P025,68,F,175.4,59.0,treatment,2026-05-05
P026,59,F,176.1,69.9,treatment,2026-05-10
P027,43,M,165.9,58.7,control,2026-05-15
P028,70,F,164.8,67.9,control,2026-05-20
P029,52,F,176.7,85.6,control,2026-05-25
P030,46,F,167.3,47.1,treatment,2026-05-30
P031,46,M,157.5,79.5,control,2026-06-04
P032,32,F,158.8,76.6,control,2026-06-09
P033,23,F,160.7,64.1,control,2026-06-14
P034,53,F,173.5,51.3,treatment,2026-06-19
P035,74,M,170.3,74.1,control,2026-06-24
P036,22,F,175.2,65.1,control,2026-06-29
P037,72,F,165.2,76.5,control,2026-07-04
P038,70,F,170.4,73.3,control,2026-07-09
P039,35,M,174.6,97.0,treatment,2026-07-14
P040,58,M,166.2,69.4,control,2026-07-19
